scheme,numNodes,areaWidth,areaHeight,simTime,dataRateKbps,packetSize,sinkVelocity,rngRun,gaBestFitness,packetsSent,packetsReceived,pdrPercent,throughputKbps,avgDelaySec,totalEnergyConsumedJ,minRemainingEnergyJ,fndTimeSec,hndTimeSec,lndTimeSec,avgTurningAngleDeg,processingTimeMs
IAGAPC-Enhanced,100,1000,1000,300,250,512,10,5,0.579808,289083,4557,951,600,279575,0.207553,8.192,2.24824,70,0,34.4,37.55,112.95,19.8406,4,754,2903
IAGAPC-Enhanced,100,1000,1000,300,250,512,10,7,0.564955,293479,9853,2932,2701,278626,0.920338,36.8777,0.428725,70,0,34.4,37.35,118.8,20.8526,11,4452,2500
IAGAPC-Enhanced,100,1000,1000,300,250,512,10,1,0.57658,290952,6904,3528,2952,279091,1.0146,40.3046,0.42865,70,0,34.55,37.45,110.85,15.1485,12,1702,1700
IAGAPC-Enhanced,100,1000,1000,300,250,512,10,3,0.569958,292062,8252,4824,2900,278810,0.99294,39.5947,1.25848,70,0,34.35,37.5,137.9,18.6804,4,1951,1500
IAGAPC-Enhanced,100,1000,1000,300,250,512,10,2,0.583966,296879,13805,5000,3701,278113,1.24664,50.531,1.0785,70,0,34.45,37.4,131.6,26.2958,8,6203,2650
IAGAPC-Enhanced,100,1000,1000,300,250,512,10,4,0.559789,291101,7103,3694,2649,279043,0.909993,36.1677,3.03479,70,0,34.35,37.05,123.45,28.825,18,1402,2050
IAGAPC-Enhanced,100,1000,1000,300,250,512,10,6,0.571857,291255,7253,4082,2199,279002,0.755008,30.0237,3.57128,70,0,34.4,37.1,113.45,26.1341,4,1702,1500
IAGAPC-Enhanced,100,1000,1000,300,250,512,10,8,0.587376,301214,18806,2730,1701,277408,0.564715,23.2243,0.427951,70,0,34.45,37.2,126.6,16.2239,7,10205,5950
AGAPC,100,1000,1000,300,250,512,10,1,0.360582,294316,10952,36,0,278412,0,0,0,70,0,34.55,37.25,114.15,80.8317,8,7952,3000
IAGAPC-Enhanced,100,1000,1000,300,250,512,10,10,0.575387,292951,9254,2690,2101,278737,0.717185,28.6857,0.576547,70,0,34.45,37.15,131.3,22.0552,4,4203,2400
IAGAPC-Enhanced,100,1000,1000,300,250,512,10,9,0.564951,303978,22255,7213,5151,276850,1.69453,70.3283,0.428752,70,0,34.4,37.15,145.45,29.3792,6,10504,4600
AGAPC,100,1000,1000,300,250,512,10,4,0.349976,292640,8853,2281,1100,278787,0.375888,15.0187,0.430247,70,0,34.35,36.75,131.1,104.429,3,4453,2150
AGAPC,100,1000,1000,300,250,512,10,3,0.368317,298616,15904,4955,3300,277751,1.1051,45.056,1.61122,70,0,34.35,37.55,149.35,74.8142,3,7303,3700
AGAPC,100,1000,1000,300,250,512,10,2,0.374845,295731,12555,3028,2502,278311,0.846039,34.1606,0.551433,70,0,34.45,37.4,145.5,96.4575,3,5103,4500
AGAPC,100,1000,1000,300,250,512,10,7,0.363567,301517,19156,2623,1300,277361,0.431153,17.7493,0.429559,70,0,34.4,37.5,133.2,66.6973,7,11106,5500
AGAPC,100,1000,1000,300,250,512,10,5,0.371927,293134,9404,3367,3102,278730,1.05822,42.3526,0.779995,70,0,34.4,37.55,105.2,67.5389,4,2602,3500
AGAPC,100,1000,1000,300,250,512,10,9,0.34288,293343,9605,42,0,278738,0,0,0,70,0,34.4,37.15,134.7,82.146,2,6155,3450
AGAPC,100,1000,1000,300,250,512,10,8,0.387121,294363,10904,2776,1598,278504,0.542867,21.818,5.46943,70,0,34.4,37.25,128.1,92.1944,6,4254,3950
AGAPC,100,1000,1000,300,250,512,10,6,0.384373,294913,11455,4789,2643,278458,0.896197,36.0858,0.546805,70,0,34.4,37.2,104.9,64.9616,3,3600,3154
EGATS-N,100,1000,1000,300,250,512,10,4,0.350949,299452,16953,60,0,277593,0,0,0,70,0,34.35,36.75,185.8,97.6999,3,12303,4650
AGAPC,100,1000,1000,300,250,512,10,10,0.373929,294361,10854,5478,3199,278507,1.08676,43.677,3.55137,70,0,34.45,37.85,133.9,91.7886,3,2151,3302
EGATS-N,100,1000,1000,300,250,512,10,3,0.399999,292566,8953,3033,662,278753,0.226274,9.03851,9.25731,70,0,34.35,37.55,134.85,75.4949,3,1853,4150
EGATS-N,100,1000,1000,300,250,512,10,2,0.381862,288886,4404,2775,1652,279482,0.571852,22.5553,1.08724,70,0,34.45,37.55,104.4,72.2192,3,251,1401
EGATS-N,100,1000,1000,300,250,512,10,7,0.377342,294238,10753,602,549,278485,0.186584,7.49568,4.81079,70,0,34.4,37.5,147.95,91.4219,3,6553,3650
EGATS-N,100,1000,1000,300,250,512,10,1,0.37849,297941,14907,5423,1749,278034,0.587029,23.8797,5.21728,70,0,34.55,37.4,144.6,107.455,3,5053,4503
EGATS-N,100,1000,1000,300,250,512,10,6,0.361105,299296,16804,4823,2500,277611,0.835293,34.1333,1.32274,70,0,34.4,37.1,129.3,108.035,3,7154,4900
EGATS-N,100,1000,1000,300,250,512,10,5,0.387061,290883,6705,3774,1953,279178,0.671404,26.665,0.43091,70,0,34.4,37.4,127.05,87.5522,4,1452,1500
EGATS-N,100,1000,1000,300,250,512,10,8,0.389612,311730,31058,716,400,275672,0.128316,5.46133,0.43637,70,0,34.4,37.2,161.45,82.2303,3,22008,8450
RCGA-ABC,100,1000,1000,300,250,512,10,3,0.347376,300108,17655,525,450,277524,0.149946,6.144,2.85347,70,0,34.35,37.55,152.35,109.204,4,11355,5850
RCGA-ABC,100,1000,1000,300,250,512,10,2,0.365778,289223,5001,2592,2251,279255,0.778292,30.7337,0.706168,70,0,34.45,37.35,121.05,71.1865,5,700,1750
EGATS-N,100,1000,1000,300,250,512,10,9,0.366903,292069,8105,2375,1551,278964,0.531039,21.1763,1.5346,70,0,34.4,37.3,115.9,99.2134,3,1404,4400
RCGA-ABC,100,1000,1000,300,250,512,10,1,0.350275,294153,10556,3135,2102,278645,0.714594,28.6993,0.946185,70,0,34.55,37.3,120,73.3982,4,3004,4500
EGATS-N,100,1000,1000,300,250,512,10,10,0.388491,298106,15254,2701,750,277852,0.251588,10.24,0.432248,70,0,34.45,37.45,155.45,85.7246,3,8804,3800
RCGA-ABC,100,1000,1000,300,250,512,10,4,0.326399,289449,5202,550,300,279293,0.103645,4.096,1.47561,70,0,34.35,37.05,104.75,105.862,4,1452,3250
RCGA-ABC,100,1000,1000,300,250,512,10,5,0.342357,295595,12304,1272,999,278291,0.337962,13.6397,3.19883,70,0,34.4,37.4,140.35,101.367,4,6104,5000
RCGA-ABC,100,1000,1000,300,250,512,10,8,0.369385,289043,4654,1303,836,279437,0.28923,11.4142,1.74017,70,0,34.4,37.1,113.6,121.883,4,602,2801
RCGA-ABC,100,1000,1000,300,250,512,10,10,0.362705,292785,9004,2638,2051,278781,0.700514,28.003,0.427683,70,0,34.45,37.45,104.55,104.13,9,4203,2200
RCGA-ABC,100,1000,1000,300,250,512,10,6,0.3577,292753,8955,2642,2302,278840,0.786328,31.43,0.699292,70,0,34.4,37.1,114.65,89.2359,5,2003,4400
DGA-M,100,1000,1000,300,250,512,10,2,0.381289,297610,14854,3338,2099,277907,0.705285,28.6583,1.57777,70,0,34.45,37.7,128,71.7708,3,5954,5650
RCGA-ABC,100,1000,1000,300,250,512,10,9,0.327599,292913,9252,3883,1899,278661,0.648315,25.9277,3.44001,70,0,34.4,37.1,143.35,89.5454,4,3452,1950
RCGA-ABC,100,1000,1000,300,250,512,10,7,0.349634,307819,26556,9864,8984,276263,2.9186,122.662,0.585056,70,0,34.4,37.55,133.8,113.638,4,11404,5350
DGA-M,100,1000,1000,300,250,512,10,1,0.357654,297550,14803,5556,2451,277878,0.823727,33.4643,1.33106,70,0,34.55,37.45,150.45,78.9722,3,6250,3052
DGA-M,100,1000,1000,300,250,512,10,4,0.377186,292816,9004,4189,2401,278812,0.819969,32.7817,2.05266,70,0,34.35,36.75,136.25,63.3464,3,2852,2000
DGA-M,100,1000,1000,300,250,512,10,6,0.362615,297934,15153,3565,2599,277817,0.872341,35.485,1.35579,70,0,34.45,36.95,131.5,69.7151,3,7352,4301
DGA-M,100,1000,1000,300,250,512,10,3,0.37313,296362,13204,4351,2398,278158,0.809146,32.7407,4.27127,70,0,34.35,37.45,123.95,62.8027,5,6354,2550
DGA-M,100,1000,1000,300,250,512,10,8,0.401679,295858,12604,3188,2951,278254,0.997438,40.291,0.428662,70,0,34.4,37.1,114.55,86.1871,3,6453,3000
DGA-M,100,1000,1000,300,250,512,10,9,0.362449,297044,14103,3108,1351,277980,0.454815,18.4457,0.65987,70,0,34.4,37.15,158.4,60.9778,4,7052,4000
DGA-M,100,1000,1000,300,250,512,10,5,0.365145,292752,9004,5499,3652,278792,1.24747,49.862,1.11247,70,0,34.4,37.6,107.6,72.7257,3,1252,2300
CGAPD,100,1000,1000,300,250,512,10,2,0,289008,4750,1492,1050,279258,0.363312,14.336,2.50672,70,0,34.45,37.4,113.95,89.5111,0,600,2700
CGAPD,100,1000,1000,300,250,512,10,3,0,288871,4601,1293,851,279311,0.294595,11.619,2.6289,70,0,34.35,37.45,111.5,69.4755,0,700,2650
DGA-M,100,1000,1000,300,250,512,10,7,0.387813,302244,20155,6433,2651,277165,0.877106,36.195,1.19301,70,0,34.4,37.65,141.45,96.8241,3,8053,5751
CGAPD,100,1000,1000,300,250,512,10,1,0,291600,7604,3961,2239,278996,0.767833,30.5698,4.8015,70,0,34.55,37.45,115.85,75.017,0,1150,2553
DGA-M,100,1000,1000,300,250,512,10,10,0.361921,293297,9654,4729,2800,278691,0.954664,38.2293,2.34344,70,0,34.45,37.85,119.45,80.2048,5,1452,3551
CGAPD,100,1000,1000,300,250,512,10,5,0,290275,6103,1566,928,279172,0.319697,12.6703,2.78764,70,0,34.4,37.55,114.55,62.2541,0,1000,3603
CGAPD,100,1000,1000,300,250,512,10,6,0,289647,5600,901,550,279098,0.189886,7.50933,2.41487,70,0,34.4,37.1,113.95,46.5798,0,1300,3450
CGAPD,100,1000,1000,300,250,512,10,7,0,288414,4002,1392,950,279453,0.329388,12.9707,2.72826,70,0,34.4,37.55,117,89.8469,0,800,1852
CGAPD,100,1000,1000,300,250,512,10,4,0,291964,8151,4401,2799,278813,0.95868,38.2157,4.44838,70,0,34.35,36.9,116.55,81.932,0,1650,2150
CGAPD,100,1000,1000,300,250,512,10,9,0,290064,5902,2640,1784,279162,0.615037,24.3575,3.00323,70,0,34.4,37.1,117.3,53.3341,0,1051,2251
CGAPD,100,1000,1000,300,250,512,10,10,0,288696,4351,2774,1650,279345,0.571535,22.528,3.20896,70,0,34.45,37.4,118.85,54.929,0,600,1000
CGAPD,100,1000,1000,300,250,512,10,8,0,293437,9656,5091,2935,278781,1.00021,40.0725,2.73087,70,0,34.45,37.3,113.35,77.114,0,751,3904
IAGAPC-Enhanced,200,1000,1000,300,250,512,10,1,0.579829,601218,36507,5160,4751,554759,0.790229,64.867,0.42848,140,0,34.45,37.2,143.5,25.7852,14,22456,9000
IAGAPC-Enhanced,200,1000,1000,300,250,512,10,4,0.552428,582116,14156,3566,2550,558057,0.438057,34.816,1.37395,140,0,34.35,37.3,129.5,15.1697,8,6555,4100
IAGAPC-Enhanced,200,1000,1000,300,250,512,10,3,0.589023,584802,17304,5251,4251,557498,0.726913,58.0403,0.428601,140,0,34.45,37.05,139.5,20.5062,13,8553,3550
IAGAPC-Enhanced,200,1000,1000,300,250,512,10,6,0.557844,581885,13904,5599,4502,558028,0.773692,61.4673,0.670724,140,0,34.4,37.25,104.75,11.0252,8,5552,2800
IAGAPC-Enhanced,200,1000,1000,300,250,512,10,8,0.575388,592208,25857,8124,7151,556351,1.20751,97.635,0.765024,140,0,34.35,37.25,157.4,16.353,14,12655,5150
IAGAPC-Enhanced,200,1000,1000,300,250,512,10,2,0.595107,587749,20757,11491,7048,557139,1.19915,96.2287,2.39335,140,0,34.35,37.45,142.75,13.3037,20,3953,5402
IAGAPC-Enhanced,200,1000,1000,300,250,512,10,7,0.581144,591242,24756,6683,3059,556486,0.517385,41.7655,0.428919,140,0,34.55,37.6,175.25,26.9042,8,12003,6151
IAGAPC-Enhanced,200,1000,1000,300,250,512,10,10,0.559083,583074,15156,5706,3750,557918,0.643143,51.2,1.16763,140,0,34.45,37.4,146.8,22.727,8,5804,3701
IAGAPC-Enhanced,200,1000,1000,300,250,512,10,9,0.568492,584613,17005,8498,7603,557637,1.30052,103.806,0.428373,140,0,34.4,37.2,141.1,25.3086,16,5452,3100
AGAPC,200,1000,1000,300,250,512,10,2,0.342147,593883,27956,1959,1000,556010,0.168383,13.6533,0.431412,140,0,34.35,37.35,156.6,67.7592,6,17906,8200
AGAPC,200,1000,1000,300,250,512,10,1,0.328862,587728,20705,5315,4251,557023,0.723294,58.0403,0.807713,140,0,34.45,37.2,166.5,98.6153,4,11204,4250
IAGAPC-Enhanced,200,1000,1000,300,250,512,10,5,0.572486,603618,39260,20435,13823,554533,2.29002,188.73,0.467068,140,0,34.35,37.45,197.95,19.3638,16,13057,5851
AGAPC,200,1000,1000,300,250,512,10,4,0.318483,586422,19254,2623,999,557199,0.170355,13.6397,5.83989,140,0,34.35,37.3,148.45,70.7585,5,11704,5000
AGAPC,200,1000,1000,300,250,512,10,3,0.369942,588336,21506,5387,4001,556942,0.680054,54.627,0.856878,140,0,34.45,37,146.35,55.3075,4,10255,5950
AGAPC,200,1000,1000,300,250,512,10,8,0.336655,581520,13454,634,350,558066,0.0601871,4.77867,1.32185,140,0,34.35,37.25,132.45,76.9228,7,7354,5600
AGAPC,200,1000,1000,300,250,512,10,5,0.350198,586690,19555,8323,5099,557216,0.869113,69.6183,2.72625,140,0,34.35,37.4,135.8,59.3194,4,7203,4100
AGAPC,200,1000,1000,300,250,512,10,7,0.342796,589123,22307,6177,3151,556892,0.534863,43.0217,0.527168,140,0,34.55,37.55,148.95,81.0972,4,10856,5350
AGAPC,200,1000,1000,300,250,512,10,6,0.321132,585709,18259,7099,4036,557566,0.689079,55.1049,3.90696,140,0,34.4,37.4,134.85,69.1549,4,6005,5251
AGAPC,200,1000,1000,300,250,512,10,9,0.332392,594328,28260,5727,2558,556136,0.430402,34.9252,0.676343,140,0,34.4,37.35,145.95,88.8215,7,13559,9100
AGAPC,200,1000,1000,300,250,512,10,10,0.339765,586593,19356,7068,5351,557310,0.912217,73.059,1.42161,140,0,34.45,37.4,143.4,66.0179,4,8304,4050
EGATS-N,200,1000,1000,300,250,512,10,4,0.328167,589054,22354,84,0,556748,0,0,0,140,0,34.35,37.3,180.4,88.9798,5,15954,6400
EGATS-N,200,1000,1000,300,250,512,10,5,0.367023,584944,17356,1500,849,557588,0.145142,11.5917,3.26257,140,0,34.35,37.4,134.4,62.1274,8,9456,6500
EGATS-N,200,1000,1000,300,250,512,10,1,0.335803,583774,16007,7018,3579,557815,0.61308,48.8653,2.64236,140,0,34.45,37.45,136.55,79.0991,5,2753,6352
EGATS-N,200,1000,1000,300,250,512,10,6,0.325725,581698,13755,3043,1901,558075,0.326802,25.955,2.47836,140,0,34.4,37.4,120.2,99.76,5,5652,5151
EGATS-N,200,1000,1000,300,250,512,10,9,0.368442,583604,16006,1634,699,557772,0.119773,9.54368,8.15328,140,0,34.4,37.35,155.7,82.0617,7,8906,5550
EGATS-N,200,1000,1000,300,250,512,10,7,0.340517,589662,23005,8164,5265,556699,0.892884,71.8848,0.598561,140,0,34.55,37.6,146.85,51.2802,5,10004,4900
EGATS-N,200,1000,1000,300,250,512,10,10,0.341544,588953,22106,5588,5202,556881,0.883262,71.0246,0.428525,140,0,34.45,37.35,169.25,82.8671,6,10704,5900
EGATS-N,200,1000,1000,300,250,512,10,2,0.336911,592743,26656,14370,5001,556196,0.843705,68.2803,1.50782,140,0,34.35,37.35,164.1,76.2047,5,7454,4900
EGATS-N,200,1000,1000,300,250,512,10,3,0.365029,600909,35812,12669,7652,555097,1.2734,104.475,0.938055,140,0,34.45,37.25,178.15,77.0326,6,15959,7300
RCGA-ABC,200,1000,1000,300,250,512,10,1,0.308102,582291,14306,2915,2151,558018,0.369403,29.3683,1.09133,140,0,34.45,37.35,135.15,116.555,6,4705,6850
RCGA-ABC,200,1000,1000,300,250,512,10,4,0.322376,580679,12505,906,600,558258,0.103327,8.192,1.46641,140,0,34.35,37.4,127.1,93.3756,8,5555,6150
RCGA-ABC,200,1000,1000,300,250,512,10,2,0.314114,587987,20907,5456,5252,557119,0.893217,71.7073,0.428585,140,0,34.35,37.35,141.8,72.8898,6,8555,7000
EGATS-N,200,1000,1000,300,250,512,10,8,0.323706,579289,10657,5366,3405,558632,0.58779,46.4896,1.16308,140,0,34.35,37.45,107.65,87.7626,5,1200,4202
RCGA-ABC,200,1000,1000,300,250,512,10,3,0.346858,579609,11254,3802,2751,558393,0.47463,37.5603,0.542522,140,0,34.45,37.05,130.2,83.9289,10,4453,3050
RCGA-ABC,200,1000,1000,300,250,512,10,7,0.327037,589021,22107,4062,3201,556914,0.543444,43.7043,0.687326,140,0,34.55,37.55,136.6,118.187,6,11006,7150
RCGA-ABC,200,1000,1000,300,250,512,10,10,0.33607,586563,19456,540,250,557264,0.0426212,3.41333,1.67206,140,0,34.45,37.5,139.25,103.658,12,10406,8650
DGA-M,200,1000,1000,300,250,512,10,1,0.335128,582069,14156,3663,2101,558036,0.360954,28.6857,0.428201,140,0,34.45,37.2,111.45,87.5197,5,5655,4900
DGA-M,200,1000,1000,300,250,512,10,2,0.320287,589374,22557,6132,5602,556860,0.9505,76.486,0.429024,140,0,34.35,37.35,147.4,90.8114,5,10305,6200
RCGA-ABC,200,1000,1000,300,250,512,10,9,0.322311,584164,16554,10439,7750,557644,1.32668,105.813,1.69627,140,0,34.4,37.35,139.05,130.271,8,4152,2000
RCGA-ABC,200,1000,1000,300,250,512,10,5,0.328692,593497,27753,11024,6149,555898,1.03606,83.9543,2.75192,140,0,34.35,37.5,140.3,103.772,12,9450,7400
RCGA-ABC,200,1000,1000,300,250,512,10,6,0.304863,584683,16910,7121,3701,557821,0.632993,50.531,3.48205,140,0,34.4,37.45,126.95,133.594,6,3803,6103
DGA-M,200,1000,1000,300,250,512,10,4,0.328886,594213,28060,3587,2851,556153,0.479794,38.9257,0.815391,140,0,34.35,37.35,142.4,69.5012,6,14309,10300
DGA-M,200,1000,1000,300,250,512,10,5,0.353764,575922,7101,36,0,558909,0,0,0,140,0,34.35,37.4,119.75,88.4094,5,4401,2700
DGA-M,200,1000,1000,300,250,512,10,6,0.320281,581350,13156,72,0,558194,0,0,0,140,0,34.4,37.3,112.8,86.593,5,8656,4500
DGA-M,200,1000,1000,300,250,512,10,9,0.342428,601903,37159,7522,5800,554776,0.96361,79.1893,0.897863,140,0,34.4,37.35,171.05,83.1852,12,20708,9050
DGA-M,200,1000,1000,300,250,512,10,7,0.345773,584851,17405,5600,3000,557529,0.512951,40.96,2.50774,140,0,34.55,37.55,152.95,92.7371,5,6800,5104
DGA-M,200,1000,1000,300,250,512,10,3,0.346421,590530,23908,12654,7999,556690,1.35455,109.213,2.62976,140,0,34.45,37.25,121.1,87.7802,14,6652,4704
DGA-M,200,1000,1000,300,250,512,10,8,0.337729,603277,39107,22662,22504,554438,3.73029,307.255,0.428857,140,0,34.35,37.35,152.6,101.384,11,12003,4500
RCGA-ABC,200,1000,1000,300,250,512,10,8,0.312288,595722,29957,21904,11382,555812,1.91062,155.402,0.547931,140,0,34.35,37.35,193.4,103.217,6,4753,3350
DGA-M,200,1000,1000,300,250,512,10,10,0.326762,590488,23710,7981,2704,556818,0.457926,36.9186,0.719891,140,0,34.45,37.4,146.4,97.7045,4,10105,5702
CGAPD,200,1000,1000,300,250,512,10,1,0,581270,13204,6744,4249,558103,0.730986,58.013,3.00941,140,0,34.45,37.45,118.45,82.9253,0,1650,4902
CGAPD,200,1000,1000,300,250,512,10,4,0,577732,9004,5275,3369,558728,0.583142,45.9981,3.60205,140,0,34.35,37.35,117.5,63.6905,0,1051,2753
CGAPD,200,1000,1000,300,250,512,10,6,0,580472,12155,3210,2029,558317,0.349543,27.7026,2.72804,140,0,34.4,37.4,116.25,71.6796,0,1851,7202
CGAPD,200,1000,1000,300,250,512,10,5,0,579893,11554,4781,2528,558382,0.435942,34.5156,2.69115,140,0,34.35,37.5,123.65,77.3878,0,2450,4403
CGAPD,200,1000,1000,300,250,512,10,2,0,581805,13658,6385,3892,558216,0.668953,53.1388,3.06538,140,0,34.35,37.5,116.25,50.4543,0,1451,5955
CGAPD,200,1000,1000,300,250,512,10,8,0,581531,13554,4183,2353,558068,0.404622,32.1263,2.4866,140,0,34.35,37.4,115.9,59.6451,0,1950,7551
CGAPD,200,1000,1000,300,250,512,10,3,0,582042,14105,9213,5674,558030,0.974844,77.469,3.99991,140,0,34.45,37.1,120.85,76.0785,0,1050,3954
CGAPD,200,1000,1000,300,250,512,10,7,0,582648,14804,7002,4252,557882,0.729772,58.054,3.02341,140,0,34.55,37.6,118.6,70.2961,0,2451,5450
CGAPD,200,1000,1000,300,250,512,10,10,0,577285,8505,3344,1851,558876,0.320639,25.2723,1.7742,140,0,34.45,37.45,118.05,63.3874,0,1000,4254
CGAPD,200,1000,1000,300,250,512,10,9,0,580668,12503,5846,3650,558200,0.628586,49.8347,3.07865,140,0,34.4,37.4,114.6,58.0489,0,1601,5151
IAGAPC-Enhanced,300,1000,1000,300,250,512,10,3,0.568633,879207,28208,5308,4552,836035,0.517739,62.15,0.49635,210,0,34.35,37.2,204.55,18.3766,24,15606,7400
IAGAPC-Enhanced,300,1000,1000,300,250,512,10,6,0.57088,873896,22107,3236,2701,836877,0.309076,36.8777,0.428737,210,0,34.35,37.1,151.4,17.9409,26,12606,6350
IAGAPC-Enhanced,300,1000,1000,300,250,512,10,4,0.56315,907136,61160,13127,12093,831210,1.3331,165.11,1.1305,210,0,34.35,37.2,201.6,15.9453,25,34808,13400
IAGAPC-Enhanced,300,1000,1000,300,250,512,10,5,0.547403,874607,22808,6698,2799,836840,0.320029,38.2157,4.28746,210,0,34.4,37.25,143.45,27.0346,25,9607,6600
IAGAPC-Enhanced,300,1000,1000,300,250,512,10,1,0.544317,873795,22157,10651,7097,836872,0.812204,96.8977,3.5482,210,0,34.35,37.25,116.7,19.6659,17,4402,7253
IAGAPC-Enhanced,300,1000,1000,300,250,512,10,7,0.565385,867938,15157,6123,4050,837897,0.466623,55.296,1.98817,210,0,34.4,37.05,128.45,27.0889,40,4355,4750
IAGAPC-Enhanced,300,1000,1000,300,250,512,10,10,0.564622,880771,29857,14367,13503,835914,1.53309,184.361,0.440916,210,0,34.35,37.3,165.65,22.0679,24,10804,4750
IAGAPC-Enhanced,300,1000,1000,300,250,512,10,9,0.568694,875166,23410,9189,5202,836802,0.594402,71.0246,1.67941,210,0,34.35,37.5,168.4,23.8262,25,9255,5052
IAGAPC-Enhanced,300,1000,1000,300,250,512,10,8,0.559786,894668,46208,19298,15674,833460,1.75193,214.002,0.432601,210,0,34.4,37.15,202.8,24.642,21,19505,7500
AGAPC,300,1000,1000,300,250,512,10,1,0.32114,876837,25507,11072,8652,836370,0.986728,118.129,1.05245,210,0,34.35,37.2,147.2,79.0882,13,9904,4600
AGAPC,300,1000,1000,300,250,512,10,3,0.320525,881628,30961,7956,5051,835696,0.572917,68.963,1.20294,210,0,34.35,37.3,141.4,68.8208,14,15459,7650
IAGAPC-Enhanced,300,1000,1000,300,250,512,10,2,0.561107,895610,47115,17787,5704,833527,0.636884,77.8786,0.852288,210,0,34.35,37.2,164.7,20.2057,26,20259,9201
AGAPC,300,1000,1000,300,250,512,10,5,0.291808,869971,17408,1086,250,837658,0.0287366,3.41333,1.67345,210,0,34.4,37.25,124.4,74.0398,8,10158,6250
AGAPC,300,1000,1000,300,250,512,10,6,0.309987,867859,14909,1389,950,838042,0.109465,12.9707,1.7458,210,0,34.35,37.4,118.65,78.1959,7,5859,7850
AGAPC,300,1000,1000,300,250,512,10,2,0.314137,877724,26557,10288,5379,836212,0.612835,73.4413,0.935671,210,0,34.35,37.05,157.85,100.753,11,10705,5650
AGAPC,300,1000,1000,300,250,512,10,8,0.315763,872659,20657,1622,550,837144,0.0630258,7.50933,0.99356,210,0,34.4,37.2,155.8,80.5253,13,11357,7800
AGAPC,300,1000,1000,300,250,512,10,10,0.31865,873590,22004,5556,5501,836777,0.6297,75.107,0.428851,210,0,34.35,37.3,113.3,55.34,10,12003,4500
AGAPC,300,1000,1000,300,250,512,10,7,0.318727,885721,35808,10128,9051,834913,1.02188,123.576,0.694756,210,0,34.4,37.05,111.65,100.789,14,17506,8300
AGAPC,300,1000,1000,300,250,512,10,9,0.298026,902163,55260,16732,16553,832171,1.83481,226.004,0.428884,210,0,34.35,37.45,180.85,86.0912,11,28157,10500
AGAPC,300,1000,1000,300,250,512,10,4,0.320226,885247,35359,14357,12218,835052,1.38018,166.816,0.454764,210,0,34.35,37.2,127.8,59.3334,8,13305,7800
EGATS-N,300,1000,1000,300,250,512,10,1,0.32226,883477,33063,6743,4701,835495,0.532102,64.1843,1.3259,210,0,34.35,37.25,139.85,70.3251,10,17211,9250
EGATS-N,300,1000,1000,300,250,512,10,4,0.342462,879772,28909,7651,3101,835940,0.352478,42.339,0.529289,210,0,34.35,37.2,148.8,85.4561,8,14058,7300
EGATS-N,300,1000,1000,300,250,512,10,6,0.327932,877220,25811,3195,2351,836501,0.268006,32.099,0.693712,210,0,34.35,37.1,134.05,125.533,8,14460,8300
EGATS-N,300,1000,1000,300,250,512,10,7,0.321564,872709,20559,2155,478,837199,0.054772,6.52629,1.09485,210,0,34.4,36.95,128.15,68.6337,12,10709,7800
EGATS-N,300,1000,1000,300,250,512,10,2,0.325313,880582,29613,10053,5086,836018,0.577573,69.4409,2.75459,210,0,34.35,37.2,131.35,60.6047,10,10961,8750
EGATS-N,300,1000,1000,300,250,512,10,5,0.320891,886449,36907,15591,7052,834694,0.795534,96.2833,0.583473,210,0,34.4,37.2,164,47.1161,9,14555,6850
EGATS-N,300,1000,1000,300,250,512,10,3,0.330935,902071,55061,20233,12252,832128,1.35821,167.281,0.428897,210,0,34.35,37.25,229.65,114.548,8,24659,10300
EGATS-N,300,1000,1000,300,250,512,10,8,0.324062,869683,16958,5573,2409,837725,0.276997,32.8909,0.774029,210,0,34.4,37.2,134.6,74.0741,8,6106,5350
RCGA-ABC,300,1000,1000,300,250,512,10,1,0.307293,885407,35508,5554,3750,834933,0.423534,51.2,1.9523,210,0,34.35,37.25,131.95,92.5666,15,19807,10300
RCGA-ABC,300,1000,1000,300,250,512,10,2,0.309229,869563,17005,8020,4747,837558,0.545906,64.8124,3.63471,210,0,34.35,37.15,120.15,75.346,15,5204,3850
RCGA-ABC,300,1000,1000,300,250,512,10,6,0.288094,879000,27861,2516,2251,836184,0.256086,30.7337,0.566347,210,0,34.35,37.1,133.4,90.936,11,15560,9950
EGATS-N,300,1000,1000,300,250,512,10,9,0.343047,879247,28705,13719,10398,835798,1.1826,141.967,1.88744,210,0,34.35,37.5,150.8,56.9444,8,6100,9055
EGATS-N,300,1000,1000,300,250,512,10,10,0.301664,873773,22204,11727,4559,836722,0.52176,62.2455,0.850611,210,0,34.35,37.35,162.9,78.7224,8,5251,5301
RCGA-ABC,300,1000,1000,300,250,512,10,4,0.32069,876619,25158,6268,3851,836461,0.439301,52.579,1.75313,210,0,34.35,37.2,117.6,88.0133,12,11056,7950
RCGA-ABC,300,1000,1000,300,250,512,10,3,0.300034,878609,27361,6740,5552,836248,0.631908,75.8033,0.793377,210,0,34.35,37.25,131.3,104.581,10,12909,7850
RCGA-ABC,300,1000,1000,300,250,512,10,5,0.31224,880149,29309,7909,4548,835923,0.516731,62.0954,2.47669,210,0,34.4,37.25,171.05,47.8101,12,13859,7650
RCGA-ABC,300,1000,1000,300,250,512,10,7,0.298641,878712,27461,3742,3152,836251,0.358707,43.0353,0.42829,210,0,34.4,36.95,137.4,104.234,16,14609,9250
RCGA-ABC,300,1000,1000,300,250,512,10,9,0.306273,880018,29109,3872,2343,835909,0.266245,31.9898,1.85086,210,0,34.35,37.55,181.05,74.3025,11,15158,10250
RCGA-ABC,300,1000,1000,300,250,512,10,10,0.306612,876370,24909,7676,4377,836589,0.499447,59.7606,0.42879,210,0,34.35,37.35,135.7,83.5209,10,8852,8501
RCGA-ABC,300,1000,1000,300,250,512,10,8,0.307767,874401,22461,9427,4872,837026,0.557181,66.519,2.26938,210,0,34.4,37.2,156.75,61.0917,9,4503,8706
DGA-M,300,1000,1000,300,250,512,10,2,0.320097,884356,34012,9921,8400,835374,0.949844,114.688,1.37761,210,0,34.35,37.15,144,58.6459,7,16160,8050
DGA-M,300,1000,1000,300,250,512,10,1,0.325449,879831,28909,11106,5549,835965,0.630689,75.7623,1.74651,210,0,34.35,37.2,128.55,31.1878,15,10657,7250
DGA-M,300,1000,1000,300,250,512,10,3,0.322043,886300,36711,10661,5198,834823,0.586483,70.97,2.29375,210,0,34.35,37.4,194.35,54.8753,8,13910,12450
DGA-M,300,1000,1000,300,250,512,10,6,0.3158,874442,22854,1892,600,836631,0.0686152,8.192,0.430909,210,0,34.35,37.1,140.6,71.5834,35,13854,7200
DGA-M,300,1000,1000,300,250,512,10,7,0.333336,880076,29406,4866,4701,835769,0.534158,64.1843,0.428527,210,0,34.4,36.95,170.15,108.598,11,16805,7850
DGA-M,300,1000,1000,300,250,512,10,4,0.327731,887305,37711,13150,5211,834769,0.587284,71.1475,1.23388,210,0,34.35,37.2,200.6,69.6205,7,14904,9803
DGA-M,300,1000,1000,300,250,512,10,9,0.324174,882139,31757,2216,1000,835427,0.113361,13.6533,0.431509,210,0,34.35,37.45,167.2,77.379,14,20707,8950
DGA-M,300,1000,1000,300,250,512,10,5,0.312572,880370,29460,11264,6137,835944,0.697093,83.7905,2.20867,210,0,34.4,37.35,140.3,81.2977,7,9157,9202
DGA-M,300,1000,1000,300,250,512,10,8,0.310394,872592,20456,6170,4052,837136,0.464364,55.3233,0.439212,210,0,34.4,37.15,148.05,69.4342,8,9604,4750
DGA-M,300,1000,1000,300,250,512,10,10,0.334176,878030,26761,7244,5100,836362,0.580846,69.632,1.80174,210,0,34.35,37.35,130.2,71.5433,12,10959,8700
CGAPD,300,1000,1000,300,250,512,10,1,0,870540,18352,6352,4249,837221,0.488088,58.013,3.22289,210,0,34.35,37.3,115.45,78.5538,0,3500,8651
CGAPD,300,1000,1000,300,250,512,10,3,0,868633,15906,6501,3698,837727,0.425726,50.49,3.4814,210,0,34.35,37.25,122.55,73.277,0,1850,7705
CGAPD,300,1000,1000,300,250,512,10,5,0,870264,17610,4188,2411,837691,0.277042,32.9182,2.17662,210,0,34.4,37.35,116.1,71.3051,0,2801,10805
CGAPD,300,1000,1000,300,250,512,10,2,0,871435,19156,6415,4002,837279,0.459243,54.6406,2.47151,210,0,34.35,37.2,117.45,72.707,0,3400,9503
CGAPD,300,1000,1000,300,250,512,10,6,0,869223,16753,7281,4283,837505,0.492739,58.4772,3.45592,210,0,34.35,37.2,120.15,50.7322,0,2550,7051
CGAPD,300,1000,1000,300,250,512,10,4,0,871412,19057,8412,5496,837355,0.630701,75.0387,3.03181,210,0,34.35,37.2,121.6,66.4786,0,2650,8157
CGAPD,300,1000,1000,300,250,512,10,7,0,869363,16510,8317,4685,837853,0.5389,63.9659,3.69689,210,0,34.4,37.05,114.95,90.2419,0,1750,6608
CGAPD,300,1000,1000,300,250,512,10,8,0,869106,15965,9364,6052,838183,0.696348,82.63,3.38207,210,0,34.4,37.2,119.25,59.8888,0,1052,5712
CGAPD,300,1000,1000,300,250,512,10,10,0,869854,17308,8944,4866,837620,0.559404,66.4371,3.51282,210,0,34.35,37.45,121.95,72.4523,0,1201,7305
CGAPD,300,1000,1000,300,250,512,10,9,0,873664,21809,9848,6601,837030,0.755554,90.1257,2.64044,210,0,34.35,37.55,117.6,52.3888,0,2451,9706
IAGAPC-Enhanced,500,1000,1000,300,250,512,10,2,0.549074,1449325,28312,8186,5750,1396131,0.396736,78.5067,2.06722,350,0,34.35,37.5,118.35,12.5862,36,8409,11900
IAGAPC-Enhanced,500,1000,1000,300,250,512,10,3,0.567639,1470879,53265,17892,16455,1392614,1.11872,224.666,0.431954,350,0,34.35,37.25,155.35,13.0946,41,24710,10800
IAGAPC-Enhanced,500,1000,1000,300,250,512,10,5,0.559324,1456965,37063,10451,8402,1394902,0.576678,114.715,0.856666,350,0,34.35,37.2,127.8,9.00225,33,16410,10350
IAGAPC-Enhanced,500,1000,1000,300,250,512,10,1,0.553346,1461328,42412,18025,10850,1394004,0.742475,148.139,1.78586,350,0,34.35,37.4,187.25,20.3206,50,16659,7850
IAGAPC-Enhanced,500,1000,1000,300,250,512,10,8,0.562244,1458427,39010,8168,7102,1394451,0.486963,96.966,0.428286,350,0,34.4,37.25,127.3,26.2627,37,22058,8900
IAGAPC-Enhanced,500,1000,1000,300,250,512,10,7,0.563432,1459082,39761,15834,12751,1394407,0.873906,174.094,1.32103,350,0,34.4,37.35,141.4,14.5426,40,15207,8850
IAGAPC-Enhanced,500,1000,1000,300,250,512,10,4,0.578742,1482748,67169,19780,11045,1390731,0.744901,150.801,1.17203,350,0,34.35,37.25,181.95,29.6857,38,30764,16850
IAGAPC-Enhanced,500,1000,1000,300,250,512,10,6,0.560397,1456560,36811,14921,5953,1394782,0.408703,81.2783,1.38885,350,0,34.35,37.2,163,19.7477,36,14706,7301
AGAPC,500,1000,1000,300,250,512,10,1,0.324074,1459533,40264,10010,5602,1394391,0.383821,76.486,0.678728,350,0,34.35,37.4,149.45,58.6956,13,19912,10500
IAGAPC-Enhanced,500,1000,1000,300,250,512,10,9,0.554427,1457500,37763,13937,10853,1394774,0.744631,148.18,0.909275,350,0,34.35,37.3,147.05,18.4339,53,15909,8050
IAGAPC-Enhanced,500,1000,1000,300,250,512,10,10,0.552492,1442845,20759,9558,4949,1397116,0.343003,67.5703,3.24635,350,0,34.35,37.2,139.95,24.6724,31,5654,5652
AGAPC,500,1000,1000,300,250,512,10,3,0.310882,1479080,63213,16930,13803,1390945,0.933215,188.457,0.428824,350,0,34.35,37.25,205.55,58.6866,18,32810,13650
AGAPC,500,1000,1000,300,250,512,10,2,0.310184,1460070,41160,10074,5818,1394129,0.398474,79.4351,3.14331,350,0,34.35,37.5,159.3,94.5175,22,14808,16551
AGAPC,500,1000,1000,300,250,512,10,7,0.318188,1454559,34557,10998,10001,1395002,0.687562,136.547,0.677321,350,0,34.4,37.35,169.15,46.1964,16,16255,7400
AGAPC,500,1000,1000,300,250,512,10,5,0.305872,1449494,28512,10146,6246,1396108,0.430909,85.2787,4.14743,350,0,34.35,37.2,146.9,93.533,14,9411,9100
AGAPC,500,1000,1000,300,250,512,10,9,0.310195,1456106,36461,8682,4301,1394794,0.295377,58.723,0.611878,350,0,34.35,37.3,172.2,74.4218,17,18158,9752
AGAPC,500,1000,1000,300,250,512,10,6,0.31622,1465131,46814,13257,7439,1393438,0.507736,101.567,2.85462,350,0,34.35,37.35,155.9,66.2257,16,18357,15453
AGAPC,500,1000,1000,300,250,512,10,8,0.286507,1470392,53112,16954,8746,1392442,0.594807,119.412,0.498939,350,0,34.4,37.3,174.8,90.6742,19,24908,11400
EGATS-N,500,1000,1000,300,250,512,10,2,0.315343,1451693,31261,6490,3949,1395598,0.272027,53.917,2.40876,350,0,34.35,37.45,121.15,48.3803,16,15510,9400
EGATS-N,500,1000,1000,300,250,512,10,1,0.329851,1461717,42865,8520,3202,1394018,0.219057,43.718,1.35029,350,0,34.35,37.45,161.25,50.4042,14,23402,11160
AGAPC,500,1000,1000,300,250,512,10,4,0.325085,1457578,38112,17442,11199,1394704,0.768329,152.904,2.74788,350,0,34.35,37.3,126.25,84.3285,26,6657,14251
EGATS-N,500,1000,1000,300,250,512,10,3,0.32092,1460343,41709,6466,3743,1393979,0.25631,51.1044,3.0757,350,0,34.35,37.25,163.2,49.8124,22,20607,14850
AGAPC,500,1000,1000,300,250,512,10,10,0.304291,1459672,40214,17166,10905,1394491,0.747086,148.89,0.463097,350,0,34.35,37.2,142.5,64.5184,13,15209,7950
EGATS-N,500,1000,1000,300,250,512,10,5,0.329241,1510976,100072,15221,14042,1385904,0.929333,191.72,0.832144,350,0,34.35,37.25,168.75,90.3203,13,57869,27350
EGATS-N,500,1000,1000,300,250,512,10,4,0.326664,1461160,42312,11364,5303,1394050,0.362931,72.4036,1.9048,350,0,34.35,37.25,143.65,76.687,23,17404,13753
EGATS-N,500,1000,1000,300,250,512,10,8,0.321886,1469706,52116,12400,9202,1392805,0.626112,125.638,1.22359,350,0,34.4,37.2,168.1,34.6014,15,24163,15800
EGATS-N,500,1000,1000,300,250,512,10,10,0.315112,1473308,56566,8505,5102,1392082,0.346296,69.6593,0.489339,350,0,34.35,37.2,180.95,60.7125,16,33414,14850
RCGA-ABC,500,1000,1000,300,250,512,10,2,0.30174,1454383,34063,5777,4801,1395320,0.330106,65.5497,1.24111,350,0,34.35,37.4,137.05,80.9022,22,17961,10500
RCGA-ABC,500,1000,1000,300,250,512,10,4,0.303419,1478938,62912,10534,10302,1391026,0.696581,140.657,0.440733,350,0,34.35,37.25,177.8,122.148,23,37560,15000
EGATS-N,500,1000,1000,300,250,512,10,7,0.322828,1460427,41213,16378,6102,1394246,0.417823,83.3126,1.36195,350,0,34.4,37.4,145.4,39.5133,18,16009,8951
RCGA-ABC,500,1000,1000,300,250,512,10,1,0.290011,1534165,128067,17559,16080,1381546,1.04813,219.546,0.660668,350,0,34.35,37.45,250.5,96.4249,23,80365,30500
EGATS-N,500,1000,1000,300,250,512,10,6,0.317336,1512274,102067,35517,24606,1385377,1.62709,335.954,0.472841,350,0,34.35,37.2,230.5,69.0594,23,46661,20150
RCGA-ABC,500,1000,1000,300,250,512,10,3,0.296223,1466831,48814,8222,4500,1393124,0.306784,61.44,0.500633,350,0,34.35,37.25,178,81.8668,22,27764,13000
RCGA-ABC,500,1000,1000,300,250,512,10,7,0.303431,1439755,17454,1794,800,1397389,0.055565,10.9227,1.79037,350,0,34.4,37.35,134.7,76.933,21,9354,6400
RCGA-ABC,500,1000,1000,300,250,512,10,10,0.305693,1467722,49614,11803,10803,1393108,0.736039,147.497,0.457426,350,0,34.35,37.2,150.95,113.719,17,26161,11800
RCGA-ABC,500,1000,1000,300,250,512,10,6,0.294123,1488995,75162,20388,19803,1389166,1.32996,270.377,0.42899,350,0,34.35,37.2,210.35,88.5224,22,39959,15000
EGATS-N,500,1000,1000,300,250,512,10,9,0.325738,1473632,56715,28027,9655,1392046,0.655184,131.823,0.429931,350,0,34.35,37.35,143.25,65.5577,17,19510,9300
DGA-M,500,1000,1000,300,250,512,10,1,0.304355,1473906,56867,11019,9727,1392165,0.659947,132.806,0.752445,350,0,34.35,37.45,117.9,77.5698,14,30064,16000
DGA-M,500,1000,1000,300,250,512,10,4,0.326971,1459166,39958,10062,9952,1394208,0.682033,135.878,0.428492,350,0,34.35,37.25,140.5,58.5804,19,21006,9000
RCGA-ABC,500,1000,1000,300,250,512,10,9,0.292696,1484873,69717,16628,11452,1390192,0.771244,156.358,0.67219,350,0,34.35,37.35,180.45,97.0687,21,36514,16800
RCGA-ABC,500,1000,1000,300,250,512,10,5,0.29171,1462165,43264,15767,6846,1393966,0.46821,93.4707,2.70563,350,0,34.35,37.2,160.4,73.5107,22,17460,10202
DGA-M,500,1000,1000,300,250,512,10,3,0.324888,1463857,45069,8139,7215,1393910,0.492876,98.5088,1.0952,350,0,34.35,37.3,131.3,72.3821,19,24966,12200
DGA-M,500,1000,1000,300,250,512,10,9,0.312726,1445516,24157,3430,1948,1396478,0.134762,26.5967,4.43683,350,0,34.35,37.3,146,67.4219,22,12757,8100
DGA-M,500,1000,1000,300,250,512,10,6,0.309033,1466951,48864,12033,11654,1393130,0.794437,159.116,0.4288,350,0,34.35,37.2,156.9,60.6517,15,23510,13500
DGA-M,500,1000,1000,300,250,512,10,2,0.318066,1456232,36610,11387,5771,1394803,0.396297,78.7934,2.0419,350,0,34.35,37.55,145.7,65.9189,22,11506,13952
DGA-M,500,1000,1000,300,250,512,10,8,0.306727,1450563,29811,6563,4202,1395840,0.289681,57.3713,0.428489,350,0,34.4,37.25,138.25,98.2998,17,15209,8150
RCGA-ABC,500,1000,1000,300,250,512,10,8,0.295673,1457049,37459,21749,12258,1394668,0.841289,167.363,2.61286,350,0,34.4,37.3,191.95,88.9665,20,7301,8602
DGA-M,500,1000,1000,300,250,512,10,5,0.308236,1470202,52466,17838,12202,1392775,0.829954,166.598,1.04359,350,0,34.35,37.2,145.5,80.6402,20,22012,12800
DGA-M,500,1000,1000,300,250,512,10,7,0.318627,1467696,49959,11967,3652,1392779,0.248825,49.862,0.770232,350,0,34.4,37.45,158.95,68.8685,24,22850,15407
DGA-M,500,1000,1000,300,250,512,10,10,0.308156,1451078,30411,9095,5182,1395730,0.357114,70.7516,2.98799,350,0,34.35,37.2,131.4,91.1246,37,12259,9200
CGAPD,500,1000,1000,300,250,512,10,1,0,1448177,27011,10896,6436,1396257,0.444421,87.8729,3.56782,350,0,34.35,37.5,120.2,78.6358,0,3303,13056
CGAPD,500,1000,1000,300,250,512,10,2,0,1453347,33211,14006,8599,1395382,0.591669,117.405,3.16735,350,0,34.4,37.6,117.85,55.297,0,3551,15956
CGAPD,500,1000,1000,300,250,512,10,3,0,1452845,32857,16598,9447,1395216,0.650241,128.983,3.21659,350,0,34.35,37.35,116.2,54.8705,0,5150,11353
CGAPD,500,1000,1000,300,250,512,10,4,0,1450335,29663,15578,9327,1395972,0.643093,127.345,3.70293,350,0,34.35,37.25,121.2,59.6091,0,2552,11809
CGAPD,500,1000,1000,300,250,512,10,7,0,1445085,23115,9750,6152,1397011,0.425719,83.9953,2.28532,350,0,34.4,37.45,118.2,62.457,0,3103,10458
IAGAPC-Enhanced,200,1000,1000,300,50,512,10,1,0.579829,120320,8913,1342,1160,101526,0.964096,15.8379,0.503085,140,0,34.45,37.2,143.5,25.7852,15,3792,3888
CGAPD,500,1000,1000,300,250,512,10,6,0,1444507,22661,11115,6177,1396934,0.42762,84.3366,4.18161,350,0,34.35,37.25,118.45,55.5594,0,2851,8909
CGAPD,500,1000,1000,300,250,512,10,5,0,1451288,30564,13710,8052,1395907,0.554818,109.937,2.80872,350,0,34.35,37.35,122.5,68.3919,0,4052,13058
IAGAPC-Enhanced,200,1000,1000,300,50,512,10,4,0.552428,116505,3646,958,662,102959,0.568216,9.03851,1.98655,140,0,34.35,37.3,129.5,15.1697,32,1086,1667
IAGAPC-Enhanced,200,1000,1000,300,50,512,10,3,0.589023,117037,4225,1320,1038,102812,0.886899,14.1722,0.503091,140,0,34.45,37.05,139.5,20.5062,23,1536,1419
IAGAPC-Enhanced,200,1000,1000,300,50,512,10,2,0.595107,117619,5472,3124,1986,102349,1.6885,27.1155,3.28956,140,0,34.35,37.45,142.65,13.3037,23,218,2219
IAGAPC-Enhanced,200,1000,1000,300,50,512,10,6,0.557844,116456,3508,1440,1137,103033,0.976334,15.5238,0.996996,140,0,34.4,37.25,104.75,11.0252,17,987,1128
IAGAPC-Enhanced,200,1000,1000,300,50,512,10,7,0.581144,118334,6196,1693,752,102138,0.635489,10.2673,0.504464,140,0,34.55,37.6,175.25,26.9042,13,1868,2716
IAGAPC-Enhanced,200,1000,1000,300,50,512,10,8,0.575388,118517,6351,2075,1785,102166,1.50611,24.3712,1.04706,140,0,34.35,37.25,157.4,16.353,17,2171,2177
IAGAPC-Enhanced,200,1000,1000,300,50,512,10,5,0.572486,120794,9575,5040,3371,101414,2.7907,46.0254,0.54067,140,0,34.35,37.45,197.95,19.3638,17,2268,2350
IAGAPC-Enhanced,200,1000,1000,300,50,512,10,9,0.568492,117002,4229,2110,1857,102819,1.58715,25.3542,0.50269,140,0,34.4,37.2,141.1,25.3086,17,817,1347
CGAPD,500,1000,1000,300,250,512,10,8,0,1449111,28112,11949,7350,1396105,0.507208,100.352,3.17422,350,0,34.4,37.35,121.25,55.4379,0,3900,12508
IAGAPC-Enhanced,200,1000,1000,300,50,512,10,10,0.559083,116697,3777,1473,954,102920,0.817502,13.0253,1.61961,140,0,34.45,37.4,146.8,22.727,17,866,1493
AGAPC,200,1000,1000,300,50,512,10,2,0.342147,118859,7052,561,245,101936,0.206127,3.34507,0.506613,140,0,34.35,37.35,156.6,67.7592,6,3015,3585
AGAPC,200,1000,1000,300,50,512,10,1,0.328862,117622,5170,1422,1077,102482,0.915645,14.7046,1.1471,140,0,34.45,37.2,166.5,98.6153,6,2039,1773
AGAPC,200,1000,1000,300,50,512,10,3,0.369942,117745,5477,1493,1090,102411,0.925729,14.8821,1.50773,140,0,34.45,37,146.35,55.3075,9,1500,2570
AGAPC,200,1000,1000,300,50,512,10,4,0.318483,117365,4738,770,318,102673,0.27095,4.34176,5.17909,140,0,34.35,37.3,148.45,70.7585,8,2048,1993
AGAPC,200,1000,1000,300,50,512,10,8,0.336655,116380,3854,294,123,102526,0.105688,1.67936,2.66995,140,0,34.35,37.25,132.45,76.9228,9,1390,2304
AGAPC,200,1000,1000,300,50,512,10,7,0.342796,117914,5636,1604,808,102374,0.685245,11.0319,0.693413,140,0,34.55,37.55,148.95,81.0972,10,1953,2155
AGAPC,200,1000,1000,300,50,512,10,5,0.350198,117423,5003,2309,1468,102516,1.25018,20.0431,3.63891,140,0,34.35,37.4,135.8,59.3194,9,1134,1631
AGAPC,200,1000,1000,300,50,512,10,6,0.321132,117221,4762,2017,1226,102603,1.04589,16.739,4.52177,140,0,34.4,37.4,134.85,69.1549,11,806,2035
AGAPC,200,1000,1000,300,50,512,10,9,0.332392,118950,7202,1533,669,101875,0.562421,9.13408,1.01871,140,0,34.4,37.35,145.95,88.8215,7,2280,3515
AGAPC,200,1000,1000,300,50,512,10,10,0.339765,117396,4954,1926,1459,102537,1.2428,19.9202,2.10303,140,0,34.45,37.4,143.2,66.0179,7,1270,1824
EGATS-N,200,1000,1000,300,50,512,10,4,0.328167,117891,5458,84,0,102482,0,0,0,140,0,34.35,37.3,180.4,88.9798,7,2770,2688
CGAPD,500,1000,1000,300,250,512,10,9,0,1447379,26208,12219,7627,1396255,0.526953,104.134,3.26513,350,0,34.35,37.35,122.65,69.7094,0,3701,10505
EGATS-N,200,1000,1000,300,50,512,10,5,0.367023,117074,4426,480,246,102648,0.210124,3.35872,4.48814,140,0,34.35,37.4,134.4,62.1274,10,1610,2436
EGATS-N,200,1000,1000,300,50,512,10,6,0.325725,116425,3738,885,538,102852,0.4621,7.34549,3.26991,140,0,34.4,37.4,120.2,99.76,8,781,2163
EGATS-N,200,1000,1000,300,50,512,10,1,0.335803,116828,4515,1991,1069,102363,0.91502,14.5954,3.6742,140,0,34.45,37.45,136.55,79.0991,7,207,2433
EGATS-N,200,1000,1000,300,50,512,10,7,0.340517,118020,5771,2042,1295,102298,1.09727,17.6811,0.696273,140,0,34.55,37.6,146.85,51.2802,12,1635,2157
EGATS-N,200,1000,1000,300,50,512,10,3,0.365029,120255,8785,3219,1907,101470,1.5858,26.0369,1.00894,140,0,34.45,37.25,178.15,77.0326,10,2707,2975
EGATS-N,200,1000,1000,300,50,512,10,9,0.368442,116802,4175,612,282,102863,0.241434,3.85024,8.07671,140,0,34.4,37.35,155.7,82.0617,8,1379,2268
EGATS-N,200,1000,1000,300,50,512,10,2,0.336911,118628,6812,3709,1296,101988,1.09249,17.6947,1.6482,140,0,34.35,37.35,164.1,76.2047,7,1124,2047
EGATS-N,200,1000,1000,300,50,512,10,10,0.341544,117874,5550,1430,1270,102396,1.07742,17.3397,0.502707,140,0,34.45,37.35,169.25,82.8671,10,1609,2597
RCGA-ABC,200,1000,1000,300,50,512,10,1,0.308102,116538,4442,988,677,102142,0.580926,9.24331,1.97042,140,0,34.45,37.35,135.15,116.555,11,331,3287
CGAPD,500,1000,1000,300,250,512,10,10,0,1447419,25915,12618,7563,1396638,0.522516,103.26,2.84735,350,0,34.35,37.3,118.75,75.0967,0,3450,10058
RCGA-ABC,200,1000,1000,300,50,512,10,2,0.314114,117676,5369,1411,1282,102355,1.08943,17.5036,0.502856,140,0,34.35,37.35,141.8,72.8898,9,1280,2782
RCGA-ABC,200,1000,1000,300,50,512,10,4,0.322376,116219,3584,377,222,102776,0.191019,3.03104,2.91364,140,0,34.35,37.4,127.1,93.3756,9,806,2507
RCGA-ABC,200,1000,1000,300,50,512,10,3,0.346858,115999,2936,1005,710,103111,0.612074,9.69387,0.878532,140,0,34.45,37.05,130.2,83.9289,13,732,1250
EGATS-N,200,1000,1000,300,50,512,10,8,0.323706,115933,3322,1572,1011,102693,0.872055,13.8035,1.97199,140,0,34.35,37.45,107.65,87.7626,8,257,1604
RCGA-ABC,200,1000,1000,300,50,512,10,10,0.33607,117397,5357,275,99,102234,0.0843292,1.35168,3.18836,140,0,34.45,37.5,139.25,103.658,12,1429,3793
DGA-M,200,1000,1000,300,50,512,10,1,0.335128,116490,3609,942,514,103026,0.44124,7.01781,0.502098,140,0,34.45,37.2,111.45,87.5197,7,708,2021
RCGA-ABC,200,1000,1000,300,50,512,10,7,0.327037,117894,5664,1717,918,102230,0.778666,12.5338,1.22196,140,0,34.55,37.55,136.6,118.187,8,1780,2268
RCGA-ABC,200,1000,1000,300,50,512,10,9,0.322311,116917,4155,2763,2041,102809,1.74568,27.8665,2.02365,140,0,34.4,37.35,139.05,130.271,9,573,856
DGA-M,200,1000,1000,300,50,512,10,2,0.320287,117957,5623,1558,1368,102383,1.15974,18.6778,0.503049,140,0,34.35,37.35,147.4,90.8114,8,1513,2632
RCGA-ABC,200,1000,1000,300,50,512,10,5,0.328692,118781,7491,3043,1766,101553,1.48677,24.1118,3.69115,140,0,34.35,37.5,140.3,103.772,11,1235,3334
DGA-M,200,1000,1000,300,50,512,10,5,0.353764,115265,1922,36,0,103441,0,0,0,140,0,34.35,37.4,119.75,88.4094,9,659,1263
DGA-M,200,1000,1000,300,50,512,10,6,0.320281,116349,3251,72,0,103098,0,0,0,140,0,34.4,37.3,112.8,86.593,10,1536,1715
DGA-M,200,1000,1000,300,50,512,10,4,0.328886,118920,7041,979,697,101879,0.586108,9.51637,0.877817,140,0,34.35,37.35,142.4,69.5012,21,2304,3894
RCGA-ABC,200,1000,1000,300,50,512,10,6,0.304863,117016,4772,2165,1130,102293,0.96568,15.4283,4.51399,140,0,34.4,37.45,126.95,133.594,13,219,2505
DGA-M,200,1000,1000,300,50,512,10,8,0.337729,120706,9523,5552,5470,101475,4.53167,74.6837,0.503565,140,0,34.35,37.35,152.6,101.384,11,2085,1944
DGA-M,200,1000,1000,300,50,512,10,9,0.342428,120464,9114,1967,1455,101397,1.20783,19.8656,1.22839,140,0,34.4,37.35,171.05,83.1852,11,3561,3707
DGA-M,200,1000,1000,300,50,512,10,7,0.345773,117060,4740,1628,882,102417,0.75346,12.0422,3.34984,140,0,34.55,37.55,152.95,92.7371,12,1098,2113
RCGA-ABC,200,1000,1000,300,50,512,10,8,0.312288,119211,7514,5548,2823,101746,2.36807,38.5434,0.645564,140,0,34.35,37.35,193.4,103.217,11,768,1248
DGA-M,200,1000,1000,300,50,512,10,3,0.346421,118183,6215,3539,2327,102061,1.96898,31.7713,3.54526,140,0,34.45,37.25,121.1,87.7802,35,988,1790
DGA-M,200,1000,1000,300,50,512,10,10,0.326762,118178,5866,2007,672,102360,0.568634,9.17504,0.781301,140,0,34.45,37.4,146.4,97.7045,12,1661,2276
CGAPD,200,1000,1000,300,50,512,10,1,0,116331,3903,1980,1301,102512,1.11836,17.763,4.2842,140,0,34.45,37.45,118.5,82.9253,0,147,1868
CGAPD,200,1000,1000,300,50,512,10,2,0,116445,4040,1910,1204,102499,1.03396,16.4386,4.36192,140,0,34.35,37.5,116.25,50.4543,0,25,2238
CGAPD,200,1000,1000,300,50,512,10,4,0,115625,2615,1609,1093,103010,0.945297,14.9231,4.84577,140,0,34.35,37.35,117.5,63.6905,0,0,1081
CGAPD,200,1000,1000,300,50,512,10,5,0,116062,3312,1379,774,102835,0.666885,10.5677,3.95792,140,0,34.35,37.5,123.65,77.3878,0,220,1793
CGAPD,200,1000,1000,300,50,512,10,6,0,116177,3574,979,615,102719,0.529365,8.3968,3.93336,140,0,34.4,37.4,116.25,71.6796,0,12,2691
CGAPD,200,1000,1000,300,50,512,10,3,0,116487,4089,2737,1867,102496,1.60275,25.4908,5.14964,140,0,34.45,37.1,120.85,76.0785,0,0,1464
CGAPD,200,1000,1000,300,50,512,10,8,0,116383,4091,1234,689,102390,0.592011,9.40715,3.51705,140,0,34.35,37.4,115.9,59.6451,0,0,2987
IAGAPC-Enhanced,200,1000,1000,300,125,512,10,1,0.579829,300659,22281,3192,2900,268445,0.964548,39.5947,0.511381,140,0,34.45,37.2,143.5,25.7852,14,10198,9000
CGAPD,200,1000,1000,300,50,512,10,10,0,115535,2609,1040,567,103026,0.49076,7.74144,2.98786,140,0,34.45,37.45,118.05,63.3874,0,13,1649
CGAPD,200,1000,1000,300,50,512,10,7,0,116617,4267,2059,1300,102398,1.11476,17.7493,4.12667,140,0,34.55,37.6,118.6,70.2961,0,110,2197
IAGAPC-Enhanced,200,1000,1000,300,125,512,10,3,0.589023,292457,10561,3225,2595,271896,0.88731,35.4304,0.511536,140,0,34.45,37.05,139.5,20.5062,16,4050,3336
IAGAPC-Enhanced,200,1000,1000,300,125,512,10,4,0.552428,291116,8737,2221,1576,272477,0.541365,21.5177,1.52684,140,0,34.35,37.3,129.5,15.1697,15,2813,3768
CGAPD,200,1000,1000,300,50,512,10,9,0,116215,3671,1994,1316,102592,1.13238,17.9678,4.42552,140,0,34.4,37.4,114.6,58.0489,0,0,1769
IAGAPC-Enhanced,200,1000,1000,300,125,512,10,2,0.595107,293922,12881,7326,4583,271217,1.55926,62.5732,2.58265,140,0,34.35,37.45,142.7,13.3037,15,783,4861
IAGAPC-Enhanced,200,1000,1000,300,125,512,10,6,0.557844,290991,8546,3455,2767,272510,0.950889,37.7788,0.797788,140,0,34.4,37.25,104.75,11.0252,14,2649,2489
IAGAPC-Enhanced,200,1000,1000,300,125,512,10,8,0.575388,296158,15801,5006,4385,270357,1.48063,59.8699,0.876064,140,0,34.35,37.25,157.4,16.353,16,5775,5092
IAGAPC-Enhanced,200,1000,1000,300,125,512,10,9,0.568492,292360,10415,5203,4640,271984,1.58708,63.3515,0.510833,140,0,34.4,37.2,141.1,25.3086,15,2269,2988
IAGAPC-Enhanced,200,1000,1000,300,125,512,10,7,0.581144,295676,15188,4111,1870,270488,0.632449,25.5317,0.512147,140,0,34.55,37.6,175.25,26.9042,14,5199,5959
IAGAPC-Enhanced,200,1000,1000,300,125,512,10,10,0.559083,291598,9289,3524,2309,272309,0.791844,31.5255,1.30017,140,0,34.45,37.4,146.8,22.727,14,2300,3520
AGAPC,200,1000,1000,300,125,512,10,2,0.342147,296997,17179,1238,611,269918,0.205726,8.34219,0.514863,140,0,34.35,37.35,156.6,67.7592,8,8126,7924
IAGAPC-Enhanced,200,1000,1000,300,125,512,10,5,0.572486,301860,23960,12504,8445,268093,2.79765,115.302,0.549477,140,0,34.35,37.45,197.95,19.3638,19,5958,5581
AGAPC,200,1000,1000,300,125,512,10,1,0.328862,293914,12695,3308,2614,271220,0.889376,35.6898,0.933385,140,0,34.45,37.2,166.5,98.6153,11,5299,4152
AGAPC,200,1000,1000,300,125,512,10,3,0.369942,294221,13241,3379,2500,271112,0.849701,34.1333,1.04006,140,0,34.45,37,146.35,55.3075,6,4135,5813
AGAPC,200,1000,1000,300,125,512,10,4,0.318483,293268,11771,1814,794,271537,0.270742,10.8407,5.33141,140,0,34.35,37.3,148.45,70.7585,7,5400,4630
AGAPC,200,1000,1000,300,125,512,10,8,0.336655,290814,8504,458,233,272310,0.0801199,3.18123,1.64118,140,0,34.35,37.25,132.45,76.9228,12,3553,4627
AGAPC,200,1000,1000,300,125,512,10,7,0.342796,294615,13712,3820,1943,270993,0.659505,26.5284,0.616273,140,0,34.55,37.55,148.95,81.0972,6,5086,4882
AGAPC,200,1000,1000,300,125,512,10,5,0.350198,293400,12053,5434,3438,271437,1.17178,46.9402,2.96976,140,0,34.35,37.4,135.8,59.3194,7,3041,3649
AGAPC,200,1000,1000,300,125,512,10,9,0.332392,297220,17402,3564,1583,269912,0.532602,21.6132,0.800336,140,0,34.4,37.35,145.95,88.8215,13,6069,7895
AGAPC,200,1000,1000,300,125,512,10,6,0.321132,292902,11299,4664,2829,271736,0.965852,38.6253,3.9484,140,0,34.4,37.4,134.85,69.1549,12,2317,4414
EGATS-N,200,1000,1000,300,125,512,10,4,0.328167,294584,13643,84,0,270990,0,0,0,140,0,34.35,37.3,180.4,88.9798,9,7399,6244
AGAPC,200,1000,1000,300,125,512,10,10,0.339765,293352,11930,4489,3416,271509,1.16447,46.6398,1.6163,140,0,34.45,37.4,143.3,66.0179,9,3476,4031
EGATS-N,200,1000,1000,300,125,512,10,5,0.367023,292527,10690,974,539,271837,0.184256,7.35915,3.49142,140,0,34.35,37.4,134.4,62.1274,10,4212,5604
EGATS-N,200,1000,1000,300,125,512,10,1,0.335803,291937,10078,4426,2295,271908,0.786129,31.3344,2.85246,140,0,34.45,37.45,136.55,79.0991,9,644,5124
EGATS-N,200,1000,1000,300,125,512,10,6,0.325725,290901,8586,2003,1271,272456,0.436918,17.3534,2.63604,140,0,34.4,37.4,120.2,99.76,10,2253,4421
EGATS-N,200,1000,1000,300,125,512,10,9,0.368442,291862,9904,1244,621,272168,0.212772,8.47872,7.15549,140,0,34.4,37.35,155.7,82.0617,8,3690,5054
EGATS-N,200,1000,1000,300,125,512,10,7,0.340517,294888,14117,5007,3220,270817,1.09194,43.9637,0.687181,140,0,34.55,37.6,146.85,51.2802,7,4429,4744
EGATS-N,200,1000,1000,300,125,512,10,2,0.336911,296426,16425,9020,3236,270130,1.09167,44.1822,1.69164,140,0,34.35,37.35,164.1,76.2047,9,2999,4474
EGATS-N,200,1000,1000,300,125,512,10,10,0.341544,294536,13568,3443,3175,271010,1.07797,43.3493,0.510998,140,0,34.45,37.35,169.25,82.8671,8,4420,5791
EGATS-N,200,1000,1000,300,125,512,10,3,0.365029,300507,21875,7869,4763,268632,1.58499,65.0308,1.02342,140,0,34.45,37.25,178.15,77.0326,8,7084,7038
RCGA-ABC,200,1000,1000,300,125,512,10,1,0.308102,291193,9217,1921,1391,272018,0.47769,18.9918,1.29514,140,0,34.45,37.35,135.15,116.555,9,1117,6343
RCGA-ABC,200,1000,1000,300,125,512,10,4,0.322376,290395,7906,634,406,272595,0.13981,5.54325,1.81635,140,0,34.35,37.4,127.1,93.3756,8,2148,5230
RCGA-ABC,200,1000,1000,300,125,512,10,2,0.314114,294044,12893,3370,3205,271196,1.08997,43.7589,0.511057,140,0,34.35,37.35,141.8,72.8898,11,3368,6259
EGATS-N,200,1000,1000,300,125,512,10,8,0.323706,289696,6893,3416,2177,272825,0.751477,29.7233,1.3783,140,0,34.35,37.45,107.65,87.7626,9,641,2947
RCGA-ABC,200,1000,1000,300,125,512,10,3,0.346858,289861,6965,2359,1698,272940,0.585798,23.1834,0.666406,140,0,34.45,37.05,130.2,83.9289,12,1889,2768
RCGA-ABC,200,1000,1000,300,125,512,10,7,0.327037,294565,13628,2542,1974,270937,0.670141,26.9517,0.804234,140,0,34.55,37.55,136.6,118.187,9,5196,6001
RCGA-ABC,200,1000,1000,300,125,512,10,10,0.33607,293342,12184,403,172,271335,0.0586346,2.34837,2.03503,140,0,34.45,37.5,139.25,103.658,12,3975,7946
DGA-M,200,1000,1000,300,125,512,10,1,0.335128,291084,8717,2259,1282,272504,0.440423,17.5036,0.511006,140,0,34.45,37.2,111.45,87.5197,8,1966,4554
DGA-M,200,1000,1000,300,125,512,10,2,0.320287,294743,13827,3774,3418,270962,1.15965,46.6671,0.511532,140,0,34.35,37.35,147.4,90.8114,8,4129,6004
RCGA-ABC,200,1000,1000,300,125,512,10,5,0.328692,296805,17327,7119,4098,269655,1.3807,55.9514,2.9865,140,0,34.35,37.5,140.3,103.772,13,3538,6791
RCGA-ABC,200,1000,1000,300,125,512,10,9,0.322311,292166,10192,6730,5027,272021,1.7206,68.6353,1.87398,140,0,34.4,37.35,139.05,130.271,11,1541,1958
DGA-M,200,1000,1000,300,125,512,10,5,0.353764,288016,4431,36,0,273679,0,0,0,140,0,34.35,37.4,119.75,88.4094,8,1874,2557
DGA-M,200,1000,1000,300,125,512,10,4,0.328886,297159,17221,2242,1740,269938,0.585545,23.7568,0.888786,140,0,34.35,37.35,142.4,69.5012,12,5978,9137
RCGA-ABC,200,1000,1000,300,125,512,10,6,0.304863,292395,10651,4712,2521,271793,0.86219,34.4201,3.61422,140,0,34.4,37.45,126.95,133.594,15,774,5282
DGA-M,200,1000,1000,300,125,512,10,6,0.320281,290728,8048,72,0,272680,0,0,0,140,0,34.4,37.3,112.8,86.593,6,3960,4088
DGA-M,200,1000,1000,300,125,512,10,9,0.342428,301009,22701,4659,3561,268349,1.18302,48.6195,1.01536,140,0,34.4,37.35,171.05,83.1852,11,9459,8704
DGA-M,200,1000,1000,300,125,512,10,3,0.346421,295316,14786,8239,5360,270614,1.815,73.1819,2.86379,140,0,34.45,37.25,121.1,87.7802,10,2754,3895
DGA-M,200,1000,1000,300,125,512,10,8,0.337729,301659,23836,13823,13704,268107,4.54288,187.105,0.511692,140,0,34.35,37.35,152.6,101.384,7,5571,4500
DGA-M,200,1000,1000,300,125,512,10,7,0.345773,292478,10875,3690,2046,271695,0.69954,27.9347,2.8092,140,0,34.55,37.55,152.95,92.7371,8,3096,4188
RCGA-ABC,200,1000,1000,300,125,512,10,8,0.312288,297904,18399,13486,6976,269553,2.34169,95.2457,0.630276,140,0,34.35,37.35,193.4,103.217,14,2029,2934
CGAPD,200,1000,1000,300,125,512,10,1,0,290683,8408,4287,2732,272318,0.939855,37.3009,3.27107,140,0,34.45,37.45,118.5,82.9253,0,309,3904
DGA-M,200,1000,1000,300,125,512,10,10,0.326762,295305,14511,4902,1650,270839,0.558744,22.528,0.796603,140,0,34.45,37.4,146.4,97.7045,7,4464,5223
CGAPD,200,1000,1000,300,125,512,10,5,0,290002,7303,3027,1632,272760,0.562755,22.2822,2.95087,140,0,34.35,37.5,123.65,77.3878,0,661,3695
CGAPD,200,1000,1000,300,125,512,10,4,0,288923,5709,3457,2274,273214,0.787061,31.0477,3.80373,140,0,34.35,37.35,117.5,63.6905,0,76,2251
CGAPD,200,1000,1000,300,125,512,10,2,0,290958,8706,4083,2516,272336,0.86473,34.3518,3.35361,140,0,34.35,37.5,116.25,50.4543,0,199,4557
CGAPD,200,1000,1000,300,125,512,10,6,0,290285,7730,2059,1308,272572,0.450592,17.8586,2.95048,140,0,34.4,37.4,116.25,71.6796,0,183,5596
CGAPD,200,1000,1000,300,125,512,10,8,0,290818,8680,2662,1495,272233,0.514067,20.4117,2.73374,140,0,34.35,37.4,115.9,59.6451,0,54,6094
CGAPD,200,1000,1000,300,125,512,10,3,0,291074,8961,5954,3925,272209,1.34845,53.5893,4.16724,140,0,34.45,37.1,120.85,76.0785,0,68,3051
IAGAPC-Enhanced,200,1000,1000,300,250,512,10,1,0.579829,601218,36507,5160,4751,554759,0.790229,64.867,0.42848,140,0,34.45,37.2,143.5,25.7852,19,22456,9000
CGAPD,200,1000,1000,300,125,512,10,10,0,288703,5463,2155,1188,273337,0.411496,16.2202,2.0665,140,0,34.45,37.45,118.05,63.3874,0,107,3294
CGAPD,200,1000,1000,300,125,512,10,7,0,291379,9383,4537,2803,272040,0.961977,38.2703,3.24464,140,0,34.55,37.6,118.6,70.2961,0,459,4486
IAGAPC-Enhanced,200,1000,1000,300,250,512,10,3,0.589023,584802,17304,5251,4251,557498,0.726913,58.0403,0.428601,140,0,34.45,37.05,139.5,20.5062,19,8553,3550
IAGAPC-Enhanced,200,1000,1000,300,250,512,10,4,0.552428,582116,14156,3566,2550,558057,0.438057,34.816,1.37395,140,0,34.35,37.3,129.5,15.1697,17,6555,4100
CGAPD,200,1000,1000,300,125,512,10,9,0,290390,7961,3833,2457,272472,0.846104,33.5462,3.33767,140,0,34.4,37.4,114.6,58.0489,0,84,4139
IAGAPC-Enhanced,200,1000,1000,300,250,512,10,6,0.557844,581885,13904,5599,4502,558028,0.773692,61.4673,0.670724,140,0,34.4,37.25,104.75,11.0252,20,5552,2800
IAGAPC-Enhanced,200,1000,1000,300,250,512,10,2,0.595107,587749,20757,11491,7048,557139,1.19915,96.2287,2.39335,140,0,34.35,37.45,142.75,13.3037,15,3953,5402
IAGAPC-Enhanced,200,1000,1000,300,250,512,10,7,0.581144,591242,24756,6683,3059,556486,0.517385,41.7655,0.428919,140,0,34.55,37.6,175.25,26.9042,18,12003,6151
IAGAPC-Enhanced,200,1000,1000,300,250,512,10,8,0.575388,592208,25857,8124,7151,556351,1.20751,97.635,0.765024,140,0,34.35,37.25,157.4,16.353,15,12655,5150
IAGAPC-Enhanced,200,1000,1000,300,250,512,10,10,0.559083,583074,15156,5706,3750,557918,0.643143,51.2,1.16763,140,0,34.45,37.4,146.8,22.727,15,5804,3701
IAGAPC-Enhanced,200,1000,1000,300,250,512,10,9,0.568492,584613,17005,8498,7603,557637,1.30052,103.806,0.428373,140,0,34.4,37.2,141.1,25.3086,19,5452,3100
AGAPC,200,1000,1000,300,250,512,10,2,0.342147,593883,27956,1959,1000,556010,0.168383,13.6533,0.431412,140,0,34.35,37.35,156.6,67.7592,7,17906,8200
AGAPC,200,1000,1000,300,250,512,10,1,0.328862,587728,20705,5315,4251,557023,0.723294,58.0403,0.807713,140,0,34.45,37.2,166.5,98.6153,6,11204,4250
IAGAPC-Enhanced,200,1000,1000,300,250,512,10,5,0.572486,603618,39260,20435,13823,554533,2.29002,188.73,0.467068,140,0,34.35,37.45,197.95,19.3638,23,13057,5851
AGAPC,200,1000,1000,300,250,512,10,4,0.318483,586422,19254,2623,999,557199,0.170355,13.6397,5.83989,140,0,34.35,37.3,148.45,70.7585,8,11704,5000
AGAPC,200,1000,1000,300,250,512,10,3,0.369942,588336,21506,5387,4001,556942,0.680054,54.627,0.856878,140,0,34.45,37,146.35,55.3075,7,10255,5950
AGAPC,200,1000,1000,300,250,512,10,8,0.336655,581520,13454,634,350,558066,0.0601871,4.77867,1.32185,140,0,34.35,37.25,132.45,76.9228,7,7354,5600
AGAPC,200,1000,1000,300,250,512,10,5,0.350198,586690,19555,8323,5099,557216,0.869113,69.6183,2.72625,140,0,34.35,37.4,135.8,59.3194,9,7203,4100
AGAPC,200,1000,1000,300,250,512,10,7,0.342796,589123,22307,6177,3151,556892,0.534863,43.0217,0.527168,140,0,34.55,37.55,148.95,81.0972,7,10856,5350
AGAPC,200,1000,1000,300,250,512,10,6,0.321132,585709,18259,7099,4036,557566,0.689079,55.1049,3.90696,140,0,34.4,37.4,134.85,69.1549,9,6005,5251
EGATS-N,200,1000,1000,300,250,512,10,4,0.328167,589054,22354,84,0,556748,0,0,0,140,0,34.35,37.3,180.4,88.9798,9,15954,6400
AGAPC,200,1000,1000,300,250,512,10,9,0.332392,594328,28260,5727,2558,556136,0.430402,34.9252,0.676343,140,0,34.4,37.35,145.95,88.8215,12,13559,9100
AGAPC,200,1000,1000,300,250,512,10,10,0.339765,586593,19356,7068,5351,557310,0.912217,73.059,1.42161,140,0,34.45,37.4,143.4,66.0179,10,8304,4050
EGATS-N,200,1000,1000,300,250,512,10,5,0.367023,584944,17356,1500,849,557588,0.145142,11.5917,3.26257,140,0,34.35,37.4,134.4,62.1274,13,9456,6500
EGATS-N,200,1000,1000,300,250,512,10,1,0.335803,583774,16007,7018,3579,557815,0.61308,48.8653,2.64236,140,0,34.45,37.45,136.55,79.0991,7,2753,6352
EGATS-N,200,1000,1000,300,250,512,10,6,0.325725,581698,13755,3043,1901,558075,0.326802,25.955,2.47836,140,0,34.4,37.4,120.2,99.76,13,5652,5151
EGATS-N,200,1000,1000,300,250,512,10,9,0.368442,583604,16006,1634,699,557772,0.119773,9.54368,8.15328,140,0,34.4,37.35,155.7,82.0617,7,8906,5550
EGATS-N,200,1000,1000,300,250,512,10,10,0.341544,588953,22106,5588,5202,556881,0.883262,71.0246,0.428525,140,0,34.45,37.35,169.25,82.8671,16,10704,5900
EGATS-N,200,1000,1000,300,250,512,10,7,0.340517,589662,23005,8164,5265,556699,0.892884,71.8848,0.598561,140,0,34.55,37.6,146.85,51.2802,11,10004,4900
EGATS-N,200,1000,1000,300,250,512,10,2,0.336911,592743,26656,14370,5001,556196,0.843705,68.2803,1.50782,140,0,34.35,37.35,164.1,76.2047,11,7454,4900
EGATS-N,200,1000,1000,300,250,512,10,3,0.365029,600909,35812,12669,7652,555097,1.2734,104.475,0.938055,140,0,34.45,37.25,178.15,77.0326,10,15959,7300
RCGA-ABC,200,1000,1000,300,250,512,10,1,0.308102,582291,14306,2915,2151,558018,0.369403,29.3683,1.09133,140,0,34.45,37.35,135.15,116.555,10,4705,6850
RCGA-ABC,200,1000,1000,300,250,512,10,4,0.322376,580679,12505,906,600,558258,0.103327,8.192,1.46641,140,0,34.35,37.4,127.1,93.3756,12,5555,6150
EGATS-N,200,1000,1000,300,250,512,10,8,0.323706,579289,10657,5366,3405,558632,0.58779,46.4896,1.16308,140,0,34.35,37.45,107.65,87.7626,8,1200,4202
RCGA-ABC,200,1000,1000,300,250,512,10,2,0.314114,587987,20907,5456,5252,557119,0.893217,71.7073,0.428585,140,0,34.35,37.35,141.8,72.8898,13,8555,7000
RCGA-ABC,200,1000,1000,300,250,512,10,3,0.346858,579609,11254,3802,2751,558393,0.47463,37.5603,0.542522,140,0,34.45,37.05,130.2,83.9289,9,4453,3050
RCGA-ABC,200,1000,1000,300,250,512,10,10,0.33607,586563,19456,540,250,557264,0.0426212,3.41333,1.67206,140,0,34.45,37.5,139.25,103.658,11,10406,8650
RCGA-ABC,200,1000,1000,300,250,512,10,7,0.327037,589021,22107,4062,3201,556914,0.543444,43.7043,0.687326,140,0,34.55,37.55,136.6,118.187,14,11006,7150
DGA-M,200,1000,1000,300,250,512,10,1,0.335128,582069,14156,3663,2101,558036,0.360954,28.6857,0.428201,140,0,34.45,37.2,111.45,87.5197,9,5655,4900
DGA-M,200,1000,1000,300,250,512,10,2,0.320287,589374,22557,6132,5602,556860,0.9505,76.486,0.429024,140,0,34.35,37.35,147.4,90.8114,10,10305,6200
RCGA-ABC,200,1000,1000,300,250,512,10,9,0.322311,584164,16554,10439,7750,557644,1.32668,105.813,1.69627,140,0,34.4,37.35,139.05,130.271,13,4152,2000
RCGA-ABC,200,1000,1000,300,250,512,10,5,0.328692,593497,27753,11024,6149,555898,1.03606,83.9543,2.75192,140,0,34.35,37.5,140.3,103.772,12,9450,7400
RCGA-ABC,200,1000,1000,300,250,512,10,6,0.304863,584683,16910,7121,3701,557821,0.632993,50.531,3.48205,140,0,34.4,37.45,126.95,133.594,10,3803,6103
DGA-M,200,1000,1000,300,250,512,10,5,0.353764,575922,7101,36,0,558909,0,0,0,140,0,34.35,37.4,119.75,88.4094,10,4401,2700
DGA-M,200,1000,1000,300,250,512,10,4,0.328886,594213,28060,3587,2851,556153,0.479794,38.9257,0.815391,140,0,34.35,37.35,142.4,69.5012,7,14309,10300
DGA-M,200,1000,1000,300,250,512,10,6,0.320281,581350,13156,72,0,558194,0,0,0,140,0,34.4,37.3,112.8,86.593,8,8656,4500
DGA-M,200,1000,1000,300,250,512,10,3,0.346421,590530,23908,12654,7999,556690,1.35455,109.213,2.62976,140,0,34.45,37.25,121.1,87.7802,8,6652,4704
DGA-M,200,1000,1000,300,250,512,10,7,0.345773,584851,17405,5600,3000,557529,0.512951,40.96,2.50774,140,0,34.55,37.55,152.95,92.7371,12,6800,5104
DGA-M,200,1000,1000,300,250,512,10,9,0.342428,601903,37159,7522,5800,554776,0.96361,79.1893,0.897863,140,0,34.4,37.35,171.05,83.1852,8,20708,9050
DGA-M,200,1000,1000,300,250,512,10,8,0.337729,603277,39107,22662,22504,554438,3.73029,307.255,0.428857,140,0,34.35,37.35,152.6,101.384,10,12003,4500
RCGA-ABC,200,1000,1000,300,250,512,10,8,0.312288,595722,29957,21904,11382,555812,1.91062,155.402,0.547931,140,0,34.35,37.35,193.4,103.217,12,4753,3350
CGAPD,200,1000,1000,300,250,512,10,1,0,581270,13204,6744,4249,558103,0.730986,58.013,3.00941,140,0,34.45,37.45,118.45,82.9253,0,1650,4902
DGA-M,200,1000,1000,300,250,512,10,10,0.326762,590488,23710,7981,2704,556818,0.457926,36.9186,0.719891,140,0,34.45,37.4,146.4,97.7045,8,10105,5702
CGAPD,200,1000,1000,300,250,512,10,4,0,577732,9004,5275,3369,558728,0.583142,45.9981,3.60205,140,0,34.35,37.35,117.5,63.6905,0,1051,2753
CGAPD,200,1000,1000,300,250,512,10,6,0,580472,12155,3210,2029,558317,0.349543,27.7026,2.72804,140,0,34.4,37.4,116.25,71.6796,0,1851,7202
CGAPD,200,1000,1000,300,250,512,10,2,0,581805,13658,6385,3892,558216,0.668953,53.1388,3.06538,140,0,34.35,37.5,116.25,50.4543,0,1451,5955
CGAPD,200,1000,1000,300,250,512,10,5,0,579893,11554,4781,2528,558382,0.435942,34.5156,2.69115,140,0,34.35,37.5,123.65,77.3878,0,2450,4403
CGAPD,200,1000,1000,300,250,512,10,8,0,581531,13554,4183,2353,558068,0.404622,32.1263,2.4866,140,0,34.35,37.4,115.9,59.6451,0,1950,7551
